Date,Weekly_Quantity,CustomerItem
2024-09-04,22.719438872623854,CI001
2024-09-04,28.569449511689886,CI002
2024-09-04,80.67289727311027,CI003
2024-09-04,7.5115787177186135,CI004
2024-09-04,13.51550765055973,CI005
2024-09-04,20.586608015660964,CI006
2024-09-04,18.203501202546008,CI007
2024-09-04,50.7654756781054,CI008
2024-09-04,31.142499749156094,CI009
2024-09-04,11.747545114421786,CI010
2024-09-04,105.36964596309026,CI011
2024-09-04,23.957188390258672,CI012
2024-09-04,21.197170740401887,CI013
2024-09-04,59.244653058915056,CI014
2024-09-04,40.127800495660594,CI015
2024-09-04,25.409807756294207,CI016
2024-09-04,62.50045095204875,CI017
2024-09-04,61.09741906343388,CI018
2024-09-04,15.705170629390203,CI019
2024-09-04,53.17557603167777,CI020
2024-09-04,0.39659960837394514,CI021
2024-09-04,33.254371706183576,CI022
2024-09-11,22.719438872623854,CI001
2024-09-11,28.569449511689886,CI002
2024-09-11,80.67289727311027,CI003
2024-09-11,7.5115787177186135,CI004
2024-09-11,13.51550765055973,CI005
2024-09-11,20.586608015660964,CI006
2024-09-11,18.203501202546008,CI007
2024-09-11,50.7654756781054,CI008
2024-09-11,31.142499749156094,CI009
2024-09-11,11.747545114421786,CI010
2024-09-11,105.36964596309026,CI011
2024-09-11,23.957188390258672,CI012
2024-09-11,21.197170740401887,CI013
2024-09-11,59.244653058915056,CI014
2024-09-11,40.127800495660594,CI015
2024-09-11,25.409807756294207,CI016
2024-09-11,62.50045095204875,CI017
2024-09-11,61.09741906343388,CI018
2024-09-11,15.705170629390203,CI019
2024-09-11,53.17557603167777,CI020
2024-09-11,0.39659960837394514,CI021
2024-09-11,33.254371706183576,CI022
2024-09-18,22.719438872623854,CI001
2024-09-18,28.569449511689886,CI002
2024-09-18,80.67289727311027,CI003
2024-09-18,7.5115787177186135,CI004
2024-09-18,13.51550765055973,CI005
2024-09-18,20.586608015660964,CI006
2024-09-18,18.203501202546008,CI007
2024-09-18,50.7654756781054,CI008
2024-09-18,31.142499749156094,CI009
2024-09-18,11.747545114421786,CI010
2024-09-18,105.36964596309026,CI011
2024-09-18,23.957188390258672,CI012
2024-09-18,21.197170740401887,CI013
2024-09-18,59.244653058915056,CI014
2024-09-18,40.127800495660594,CI015
2024-09-18,25.409807756294207,CI016
2024-09-18,62.50045095204875,CI017
2024-09-18,61.09741906343388,CI018
2024-09-18,15.705170629390203,CI019
2024-09-18,53.17557603167777,CI020
2024-09-18,0.39659960837394514,CI021
2024-09-18,33.254371706183576,CI022
2024-09-25,22.719438872623854,CI001
2024-09-25,28.569449511689886,CI002
2024-09-25,80.67289727311027,CI003
2024-09-25,7.5115787177186135,CI004
2024-09-25,13.51550765055973,CI005
2024-09-25,20.586608015660964,CI006
2024-09-25,18.203501202546008,CI007
2024-09-25,50.7654756781054,CI008
2024-09-25,31.142499749156094,CI009
2024-09-25,11.747545114421786,CI010
2024-09-25,105.36964596309026,CI011
2024-09-25,23.957188390258672,CI012
2024-09-25,21.197170740401887,CI013
2024-09-25,59.244653058915056,CI014
2024-09-25,40.127800495660594,CI015
2024-09-25,25.409807756294207,CI016
2024-09-25,62.50045095204875,CI017
2024-09-25,61.09741906343388,CI018
2024-09-25,15.705170629390203,CI019
2024-09-25,53.17557603167777,CI020
2024-09-25,0.39659960837394514,CI021
2024-09-25,33.254371706183576,CI022
2024-10-02,22.88469080657159,CI001
2024-10-02,24.478583296901967,CI002
2024-10-02,46.13007474334862,CI003
2024-10-02,25.295455039358217,CI004
2024-10-02,22.215755378014457,CI005
2024-10-02,42.581819003934854,CI006
2024-10-02,21.132783348527447,CI007
2024-10-02,18.35160189444869,CI008
2024-10-02,19.2179219395446,CI009
2024-10-02,28.07911146978582,CI010
2024-10-02,58.72095785148707,CI011
2024-10-02,32.32427911394081,CI012
2024-10-02,34.070589176603825,CI013
2024-10-02,69.25819328216723,CI014
2024-10-02,21.457055988667967,CI015
2024-10-02,21.387386390474035,CI016
2024-10-02,26.768658737618004,CI017
2024-10-02,44.35715953801214,CI018
2024-10-02,21.790827244111203,CI019
2024-10-02,33.10324033699021,CI020
2024-10-02,49.77203354392784,CI021
2024-10-02,28.323458386729737,CI022
2024-10-09,22.88469080657159,CI001
2024-10-09,24.478583296901967,CI002
2024-10-09,46.13007474334862,CI003
2024-10-09,25.295455039358217,CI004
2024-10-09,22.215755378014457,CI005
2024-10-09,42.581819003934854,CI006
2024-10-09,21.132783348527447,CI007
2024-10-09,18.35160189444869,CI008
2024-10-09,19.2179219395446,CI009
2024-10-09,28.07911146978582,CI010
2024-10-09,58.72095785148707,CI011
2024-10-09,32.32427911394081,CI012
2024-10-09,34.070589176603825,CI013
2024-10-09,69.25819328216723,CI014
2024-10-09,21.457055988667967,CI015
2024-10-09,21.387386390474035,CI016
2024-10-09,26.768658737618004,CI017
2024-10-09,44.35715953801214,CI018
2024-10-09,21.790827244111203,CI019
2024-10-09,33.10324033699021,CI020
2024-10-09,49.77203354392784,CI021
2024-10-09,28.323458386729737,CI022
2024-10-16,22.88469080657159,CI001
2024-10-16,24.478583296901967,CI002
2024-10-16,46.13007474334862,CI003
2024-10-16,25.295455039358217,CI004
2024-10-16,22.215755378014457,CI005
2024-10-16,42.581819003934854,CI006
2024-10-16,21.132783348527447,CI007
2024-10-16,18.35160189444869,CI008
2024-10-16,19.2179219395446,CI009
2024-10-16,28.07911146978582,CI010
2024-10-16,58.72095785148707,CI011
2024-10-16,32.32427911394081,CI012
2024-10-16,34.070589176603825,CI013
2024-10-16,69.25819328216723,CI014
2024-10-16,21.457055988667967,CI015
2024-10-16,21.387386390474035,CI016
2024-10-16,26.768658737618004,CI017
2024-10-16,44.35715953801214,CI018
2024-10-16,21.790827244111203,CI019
2024-10-16,33.10324033699021,CI020
2024-10-16,49.77203354392784,CI021
2024-10-16,28.323458386729737,CI022
2024-10-23,22.88469080657159,CI001
2024-10-23,24.478583296901967,CI002
2024-10-23,46.13007474334862,CI003
2024-10-23,25.295455039358217,CI004
2024-10-23,22.215755378014457,CI005
2024-10-23,42.581819003934854,CI006
2024-10-23,21.132783348527447,CI007
2024-10-23,18.35160189444869,CI008
2024-10-23,19.2179219395446,CI009
2024-10-23,28.07911146978582,CI010
2024-10-23,58.72095785148707,CI011
2024-10-23,32.32427911394081,CI012
2024-10-23,34.070589176603825,CI013
2024-10-23,69.25819328216723,CI014
2024-10-23,21.457055988667967,CI015
2024-10-23,21.387386390474035,CI016
2024-10-23,26.768658737618004,CI017
2024-10-23,44.35715953801214,CI018
2024-10-23,21.790827244111203,CI019
2024-10-23,33.10324033699021,CI020
2024-10-23,49.77203354392784,CI021
2024-10-23,28.323458386729737,CI022
2024-10-30,22.88469080657159,CI001
2024-10-30,24.478583296901967,CI002
2024-10-30,46.13007474334862,CI003
2024-10-30,25.295455039358217,CI004
2024-10-30,22.215755378014457,CI005
2024-10-30,42.581819003934854,CI006
2024-10-30,21.132783348527447,CI007
2024-10-30,18.35160189444869,CI008
2024-10-30,19.2179219395446,CI009
2024-10-30,28.07911146978582,CI010
2024-10-30,58.72095785148707,CI011
2024-10-30,32.32427911394081,CI012
2024-10-30,34.070589176603825,CI013
2024-10-30,69.25819328216723,CI014
2024-10-30,21.457055988667967,CI015
2024-10-30,21.387386390474035,CI016
2024-10-30,26.768658737618004,CI017
2024-10-30,44.35715953801214,CI018
2024-10-30,21.790827244111203,CI019
2024-10-30,33.10324033699021,CI020
2024-10-30,49.77203354392784,CI021
2024-10-30,28.323458386729737,CI022
2024-11-06,34.308520928862194,CI001
2024-11-06,18.338376395323944,CI002
2024-11-06,89.19755303686384,CI003
2024-11-06,22.835966188113446,CI004
2024-11-06,17.77350398004098,CI005
2024-11-06,17.658875351474638,CI006
2024-11-06,25.97452085494575,CI007
2024-11-06,24.032238789997823,CI008
2024-11-06,46.44778625255295,CI009
2024-11-06,66.42406134060903,CI010
2024-11-06,73.96824080698991,CI011
2024-11-06,48.61469022176922,CI012
2024-11-06,27.735427769477667,CI013
2024-11-06,71.2927297160715,CI014
2024-11-06,15.831932864795608,CI015
2024-11-06,40.32462731507717,CI016
2024-11-06,47.97767252630497,CI017
2024-11-06,46.3857794758611,CI018
2024-11-06,35.04945549802112,CI019
2024-11-06,40.461801750631885,CI020
2024-11-06,60.48071770856797,CI021
2024-11-06,21.582974159447783,CI022
2024-11-13,34.308520928862194,CI001
2024-11-13,18.338376395323944,CI002
2024-11-13,89.19755303686384,CI003
2024-11-13,22.835966188113446,CI004
2024-11-13,17.77350398004098,CI005
2024-11-13,17.658875351474638,CI006
2024-11-13,25.97452085494575,CI007
2024-11-13,24.032238789997823,CI008
2024-11-13,46.44778625255295,CI009
2024-11-13,66.42406134060903,CI010
2024-11-13,73.96824080698991,CI011
2024-11-13,48.61469022176922,CI012
2024-11-13,27.735427769477667,CI013
2024-11-13,71.2927297160715,CI014
2024-11-13,15.831932864795608,CI015
2024-11-13,40.32462731507717,CI016
2024-11-13,47.97767252630497,CI017
2024-11-13,46.3857794758611,CI018
2024-11-13,35.04945549802112,CI019
2024-11-13,40.461801750631885,CI020
2024-11-13,60.48071770856797,CI021
2024-11-13,21.582974159447783,CI022
2024-11-20,34.308520928862194,CI001
2024-11-20,18.338376395323944,CI002
2024-11-20,89.19755303686384,CI003
2024-11-20,22.835966188113446,CI004
2024-11-20,17.77350398004098,CI005
2024-11-20,17.658875351474638,CI006
2024-11-20,25.97452085494575,CI007
2024-11-20,24.032238789997823,CI008
2024-11-20,46.44778625255295,CI009
2024-11-20,66.42406134060903,CI010
2024-11-20,73.96824080698991,CI011
2024-11-20,48.61469022176922,CI012
2024-11-20,27.735427769477667,CI013
2024-11-20,71.2927297160715,CI014
2024-11-20,15.831932864795608,CI015
2024-11-20,40.32462731507717,CI016
2024-11-20,47.97767252630497,CI017
2024-11-20,46.3857794758611,CI018
2024-11-20,35.04945549802112,CI019
2024-11-20,40.461801750631885,CI020
2024-11-20,60.48071770856797,CI021
2024-11-20,21.582974159447783,CI022
2024-11-27,34.308520928862194,CI001
2024-11-27,18.338376395323944,CI002
2024-11-27,89.19755303686384,CI003
2024-11-27,22.835966188113446,CI004
2024-11-27,17.77350398004098,CI005
2024-11-27,17.658875351474638,CI006
2024-11-27,25.97452085494575,CI007
2024-11-27,24.032238789997823,CI008
2024-11-27,46.44778625255295,CI009
2024-11-27,66.42406134060903,CI010
2024-11-27,73.96824080698991,CI011
2024-11-27,48.61469022176922,CI012
2024-11-27,27.735427769477667,CI013
2024-11-27,71.2927297160715,CI014
2024-11-27,15.831932864795608,CI015
2024-11-27,40.32462731507717,CI016
2024-11-27,47.97767252630497,CI017
2024-11-27,46.3857794758611,CI018
2024-11-27,35.04945549802112,CI019
2024-11-27,40.461801750631885,CI020
2024-11-27,60.48071770856797,CI021
2024-11-27,21.582974159447783,CI022
2024-12-04,25.397337655415377,CI001
2024-12-04,19.435907483312945,CI002
2024-12-04,45.673299711047704,CI003
2024-12-04,44.32002875078244,CI004
2024-12-04,9.086815862511132,CI005
2024-12-04,31.68902066402338,CI006
2024-12-04,34.19844744284313,CI007
2024-12-04,40.54534723641462,CI008
2024-12-04,49.38076294324102,CI009
2024-12-04,54.579681043146834,CI010
2024-12-04,71.91688537060439,CI011
2024-12-04,60.40796984609192,CI012
2024-12-04,47.31169780214636,CI013
2024-12-04,15.849778243603538,CI014
2024-12-04,49.10226506268429,CI015
2024-12-04,19.52384790343271,CI016
2024-12-04,51.21030647025345,CI017
2024-12-04,37.16577450745789,CI018
2024-12-04,27.672185843257722,CI019
2024-12-04,36.068200086789155,CI020
2024-12-04,37.1929264100513,CI021
2024-12-04,47.72742899474565,CI022
2024-12-11,25.397337655415377,CI001
2024-12-11,19.435907483312945,CI002
2024-12-11,45.673299711047704,CI003
2024-12-11,44.32002875078244,CI004
2024-12-11,9.086815862511132,CI005
2024-12-11,31.68902066402338,CI006
2024-12-11,34.19844744284313,CI007
2024-12-11,40.54534723641462,CI008
2024-12-11,49.38076294324102,CI009
2024-12-11,54.579681043146834,CI010
2024-12-11,71.91688537060439,CI011
2024-12-11,60.40796984609192,CI012
2024-12-11,47.31169780214636,CI013
2024-12-11,15.849778243603538,CI014
2024-12-11,49.10226506268429,CI015
2024-12-11,19.52384790343271,CI016
2024-12-11,51.21030647025345,CI017
2024-12-11,37.16577450745789,CI018
2024-12-11,27.672185843257722,CI019
2024-12-11,36.068200086789155,CI020
2024-12-11,37.1929264100513,CI021
2024-12-11,47.72742899474565,CI022
2024-12-18,25.397337655415377,CI001
2024-12-18,19.435907483312945,CI002
2024-12-18,45.673299711047704,CI003
2024-12-18,44.32002875078244,CI004
2024-12-18,9.086815862511132,CI005
2024-12-18,31.68902066402338,CI006
2024-12-18,34.19844744284313,CI007
2024-12-18,40.54534723641462,CI008
2024-12-18,49.38076294324102,CI009
2024-12-18,54.579681043146834,CI010
2024-12-18,71.91688537060439,CI011
2024-12-18,60.40796984609192,CI012
2024-12-18,47.31169780214636,CI013
2024-12-18,15.849778243603538,CI014
2024-12-18,49.10226506268429,CI015
2024-12-18,19.52384790343271,CI016
2024-12-18,51.21030647025345,CI017
2024-12-18,37.16577450745789,CI018
2024-12-18,27.672185843257722,CI019
2024-12-18,36.068200086789155,CI020
2024-12-18,37.1929264100513,CI021
2024-12-18,47.72742899474565,CI022
2024-12-25,25.397337655415377,CI001
2024-12-25,19.435907483312945,CI002
2024-12-25,45.673299711047704,CI003
2024-12-25,44.32002875078244,CI004
2024-12-25,9.086815862511132,CI005
2024-12-25,31.68902066402338,CI006
2024-12-25,34.19844744284313,CI007
2024-12-25,40.54534723641462,CI008
2024-12-25,49.38076294324102,CI009
2024-12-25,54.579681043146834,CI010
2024-12-25,71.91688537060439,CI011
2024-12-25,60.40796984609192,CI012
2024-12-25,47.31169780214636,CI013
2024-12-25,15.849778243603538,CI014
2024-12-25,49.10226506268429,CI015
2024-12-25,19.52384790343271,CI016
2024-12-25,51.21030647025345,CI017
2024-12-25,37.16577450745789,CI018
2024-12-25,27.672185843257722,CI019
2024-12-25,36.068200086789155,CI020
2024-12-25,37.1929264100513,CI021
2024-12-25,47.72742899474565,CI022
2025-01-01,21.17614903957111,CI001
2025-01-01,18.464173297859293,CI002
2025-01-01,42.874582861565706,CI003
2025-01-01,7.389364683874858,CI004
2025-01-01,2.739592725489149,CI005
2025-01-01,50.46791748428239,CI006
2025-01-01,29.032628683680265,CI007
2025-01-01,30.002800314189823,CI008
2025-01-01,19.77186759235339,CI009
2025-01-01,30.96151232590728,CI010
2025-01-01,29.920189522398402,CI011
2025-01-01,21.388575708719063,CI012
2025-01-01,27.721605390205276,CI013
2025-01-01,17.01395226566591,CI014
2025-01-01,11.526618491848309,CI015
2025-01-01,23.519975062533494,CI016
2025-01-01,50.26531161007101,CI017
2025-01-01,32.74515074189277,CI018
2025-01-01,13.175428146871536,CI019
2025-01-01,33.95408906881933,CI020
2025-01-01,8.28404371750523,CI021
2025-01-01,17.548225254963008,CI022
2025-01-08,21.17614903957111,CI001
2025-01-08,18.464173297859293,CI002
2025-01-08,42.874582861565706,CI003
2025-01-08,7.389364683874858,CI004
2025-01-08,2.739592725489149,CI005
2025-01-08,50.46791748428239,CI006
2025-01-08,29.032628683680265,CI007
2025-01-08,30.002800314189823,CI008
2025-01-08,19.77186759235339,CI009
2025-01-08,30.96151232590728,CI010
2025-01-08,29.920189522398402,CI011
2025-01-08,21.388575708719063,CI012
2025-01-08,27.721605390205276,CI013
2025-01-08,17.01395226566591,CI014
2025-01-08,11.526618491848309,CI015
2025-01-08,23.519975062533494,CI016
2025-01-08,50.26531161007101,CI017
2025-01-08,32.74515074189277,CI018
2025-01-08,13.175428146871536,CI019
2025-01-08,33.95408906881933,CI020
2025-01-08,8.28404371750523,CI021
2025-01-08,17.548225254963008,CI022
2025-01-15,21.17614903957111,CI001
2025-01-15,18.464173297859293,CI002
2025-01-15,42.874582861565706,CI003
2025-01-15,7.389364683874858,CI004
2025-01-15,2.739592725489149,CI005
2025-01-15,50.46791748428239,CI006
2025-01-15,29.032628683680265,CI007
2025-01-15,30.002800314189823,CI008
2025-01-15,19.77186759235339,CI009
2025-01-15,30.96151232590728,CI010
2025-01-15,29.920189522398402,CI011
2025-01-15,21.388575708719063,CI012
2025-01-15,27.721605390205276,CI013
2025-01-15,17.01395226566591,CI014
2025-01-15,11.526618491848309,CI015
2025-01-15,23.519975062533494,CI016
2025-01-15,50.26531161007101,CI017
2025-01-15,32.74515074189277,CI018
2025-01-15,13.175428146871536,CI019
2025-01-15,33.95408906881933,CI020
2025-01-15,8.28404371750523,CI021
2025-01-15,17.548225254963008,CI022
2025-01-22,21.17614903957111,CI001
2025-01-22,18.464173297859293,CI002
2025-01-22,42.874582861565706,CI003
2025-01-22,7.389364683874858,CI004
2025-01-22,2.739592725489149,CI005
2025-01-22,50.46791748428239,CI006
2025-01-22,29.032628683680265,CI007
2025-01-22,30.002800314189823,CI008
2025-01-22,19.77186759235339,CI009
2025-01-22,30.96151232590728,CI010
2025-01-22,29.920189522398402,CI011
2025-01-22,21.388575708719063,CI012
2025-01-22,27.721605390205276,CI013
2025-01-22,17.01395226566591,CI014
2025-01-22,11.526618491848309,CI015
2025-01-22,23.519975062533494,CI016
2025-01-22,50.26531161007101,CI017
2025-01-22,32.74515074189277,CI018
2025-01-22,13.175428146871536,CI019
2025-01-22,33.95408906881933,CI020
2025-01-22,8.28404371750523,CI021
2025-01-22,17.548225254963008,CI022
2025-01-29,21.17614903957111,CI001
2025-01-29,18.464173297859293,CI002
2025-01-29,42.874582861565706,CI003
2025-01-29,7.389364683874858,CI004
2025-01-29,2.739592725489149,CI005
2025-01-29,50.46791748428239,CI006
2025-01-29,29.032628683680265,CI007
2025-01-29,30.002800314189823,CI008
2025-01-29,19.77186759235339,CI009
2025-01-29,30.96151232590728,CI010
2025-01-29,29.920189522398402,CI011
2025-01-29,21.388575708719063,CI012
2025-01-29,27.721605390205276,CI013
2025-01-29,17.01395226566591,CI014
2025-01-29,11.526618491848309,CI015
2025-01-29,23.519975062533494,CI016
2025-01-29,50.26531161007101,CI017
2025-01-29,32.74515074189277,CI018
2025-01-29,13.175428146871536,CI019
2025-01-29,33.95408906881933,CI020
2025-01-29,8.28404371750523,CI021
2025-01-29,17.548225254963008,CI022
2025-02-05,29.79776904013276,CI001
2025-02-05,29.839716168609236,CI002
2025-02-05,131.50045223216867,CI003
2025-02-05,74.7959003227499,CI004
2025-02-05,8.56914887458846,CI005
2025-02-05,37.953047327242174,CI006
2025-02-05,27.420844514382875,CI007
2025-02-05,71.33879912770367,CI008
2025-02-05,29.671204254994908,CI009
2025-02-05,54.49417698343033,CI010
2025-02-05,67.45610407090211,CI011
2025-02-05,32.491425441273435,CI012
2025-02-05,34.41961855464273,CI013
2025-02-05,130.62156507765235,CI014
2025-02-05,33.05378104855933,CI015
2025-02-05,66.48489570698645,CI016
2025-02-05,47.49884380354492,CI017
2025-02-05,43.9091369797559,CI018
2025-02-05,27.727578959979123,CI019
2025-02-05,31.749666186179134,CI020
2025-02-05,4.060136246277215,CI021
2025-02-05,38.80774244361765,CI022
2025-02-12,29.79776904013276,CI001
2025-02-12,29.839716168609236,CI002
2025-02-12,131.50045223216867,CI003
2025-02-12,74.7959003227499,CI004
2025-02-12,8.56914887458846,CI005
2025-02-12,37.953047327242174,CI006
2025-02-12,27.420844514382875,CI007
2025-02-12,71.33879912770367,CI008
2025-02-12,29.671204254994908,CI009
2025-02-12,54.49417698343033,CI010
2025-02-12,67.45610407090211,CI011
2025-02-12,32.491425441273435,CI012
2025-02-12,34.41961855464273,CI013
2025-02-12,130.62156507765235,CI014
2025-02-12,33.05378104855933,CI015
2025-02-12,66.48489570698645,CI016
2025-02-12,47.49884380354492,CI017
2025-02-12,43.9091369797559,CI018
2025-02-12,27.727578959979123,CI019
2025-02-12,31.749666186179134,CI020
2025-02-12,4.060136246277215,CI021
2025-02-12,38.80774244361765,CI022
2025-02-19,29.79776904013276,CI001
2025-02-19,29.839716168609236,CI002
2025-02-19,131.50045223216867,CI003
2025-02-19,74.7959003227499,CI004
2025-02-19,8.56914887458846,CI005
2025-02-19,37.953047327242174,CI006
2025-02-19,27.420844514382875,CI007
2025-02-19,71.33879912770367,CI008
2025-02-19,29.671204254994908,CI009
2025-02-19,54.49417698343033,CI010
2025-02-19,67.45610407090211,CI011
2025-02-19,32.491425441273435,CI012
2025-02-19,34.41961855464273,CI013
2025-02-19,130.62156507765235,CI014
2025-02-19,33.05378104855933,CI015
2025-02-19,66.48489570698645,CI016
2025-02-19,47.49884380354492,CI017
2025-02-19,43.9091369797559,CI018
2025-02-19,27.727578959979123,CI019
2025-02-19,31.749666186179134,CI020
2025-02-19,4.060136246277215,CI021
2025-02-19,38.80774244361765,CI022
2025-02-26,29.79776904013276,CI001
2025-02-26,29.839716168609236,CI002
2025-02-26,131.50045223216867,CI003
2025-02-26,74.7959003227499,CI004
2025-02-26,8.56914887458846,CI005
2025-02-26,37.953047327242174,CI006
2025-02-26,27.420844514382875,CI007
2025-02-26,71.33879912770367,CI008
2025-02-26,29.671204254994908,CI009
2025-02-26,54.49417698343033,CI010
2025-02-26,67.45610407090211,CI011
2025-02-26,32.491425441273435,CI012
2025-02-26,34.41961855464273,CI013
2025-02-26,130.62156507765235,CI014
2025-02-26,33.05378104855933,CI015
2025-02-26,66.48489570698645,CI016
2025-02-26,47.49884380354492,CI017
2025-02-26,43.9091369797559,CI018
2025-02-26,27.727578959979123,CI019
2025-02-26,31.749666186179134,CI020
2025-02-26,4.060136246277215,CI021
2025-02-26,38.80774244361765,CI022
2025-03-05,57.34497107349397,CI001
2025-03-05,69.54073728952478,CI002
2025-03-05,63.74629149220192,CI003
2025-03-05,24.16095193732302,CI004
2025-03-05,6.231584365616529,CI005
2025-03-05,17.190310849438646,CI006
2025-03-05,46.00348076052331,CI007
2025-03-05,51.25278360548717,CI008
2025-03-05,30.936120424740373,CI009
2025-03-05,53.72963942362063,CI010
2025-03-05,78.62428231027147,CI011
2025-03-05,23.43233417099585,CI012
2025-03-05,12.528188442724232,CI013
2025-03-05,65.618826101759,CI014
2025-03-05,33.87892691544829,CI015
2025-03-05,23.864822261368623,CI016
2025-03-05,55.90465095650302,CI017
2025-03-05,45.9511765784425,CI018
2025-03-05,28.807276599082186,CI019
2025-03-05,49.48055361639638,CI020
2025-03-05,62.41314710710418,CI021
2025-03-05,32.90096744253725,CI022
2025-03-12,57.34497107349397,CI001
2025-03-12,69.54073728952478,CI002
2025-03-12,63.74629149220192,CI003
2025-03-12,24.16095193732302,CI004
2025-03-12,6.231584365616529,CI005
2025-03-12,17.190310849438646,CI006
2025-03-12,46.00348076052331,CI007
2025-03-12,51.25278360548717,CI008
2025-03-12,30.936120424740373,CI009
2025-03-12,53.72963942362063,CI010
2025-03-12,78.62428231027147,CI011
2025-03-12,23.43233417099585,CI012
2025-03-12,12.528188442724232,CI013
2025-03-12,65.618826101759,CI014
2025-03-12,33.87892691544829,CI015
2025-03-12,23.864822261368623,CI016
2025-03-12,55.90465095650302,CI017
2025-03-12,45.9511765784425,CI018
2025-03-12,28.807276599082186,CI019
2025-03-12,49.48055361639638,CI020
2025-03-12,62.41314710710418,CI021
2025-03-12,32.90096744253725,CI022
2025-03-19,57.34497107349397,CI001
2025-03-19,69.54073728952478,CI002
2025-03-19,63.74629149220192,CI003
2025-03-19,24.16095193732302,CI004
2025-03-19,6.231584365616529,CI005
2025-03-19,17.190310849438646,CI006
2025-03-19,46.00348076052331,CI007
2025-03-19,51.25278360548717,CI008
2025-03-19,30.936120424740373,CI009
2025-03-19,53.72963942362063,CI010
2025-03-19,78.62428231027147,CI011
2025-03-19,23.43233417099585,CI012
2025-03-19,12.528188442724232,CI013
2025-03-19,65.618826101759,CI014
2025-03-19,33.87892691544829,CI015
2025-03-19,23.864822261368623,CI016
2025-03-19,55.90465095650302,CI017
2025-03-19,45.9511765784425,CI018
2025-03-19,28.807276599082186,CI019
2025-03-19,49.48055361639638,CI020
2025-03-19,62.41314710710418,CI021
2025-03-19,32.90096744253725,CI022
2025-03-26,57.34497107349397,CI001
2025-03-26,69.54073728952478,CI002
2025-03-26,63.74629149220192,CI003
2025-03-26,24.16095193732302,CI004
2025-03-26,6.231584365616529,CI005
2025-03-26,17.190310849438646,CI006
2025-03-26,46.00348076052331,CI007
2025-03-26,51.25278360548717,CI008
2025-03-26,30.936120424740373,CI009
2025-03-26,53.72963942362063,CI010
2025-03-26,78.62428231027147,CI011
2025-03-26,23.43233417099585,CI012
2025-03-26,12.528188442724232,CI013
2025-03-26,65.618826101759,CI014
2025-03-26,33.87892691544829,CI015
2025-03-26,23.864822261368623,CI016
2025-03-26,55.90465095650302,CI017
2025-03-26,45.9511765784425,CI018
2025-03-26,28.807276599082186,CI019
2025-03-26,49.48055361639638,CI020
2025-03-26,62.41314710710418,CI021
2025-03-26,32.90096744253725,CI022
2025-04-02,12.68019616316769,CI001
2025-04-02,27.955290858128087,CI002
2025-04-02,46.34739085438757,CI003
2025-04-02,40.121661444444506,CI004
2025-04-02,2.997441057555114,CI005
2025-04-02,28.9359461029316,CI006
2025-04-02,20.400391851069863,CI007
2025-04-02,52.72172798217467,CI008
2025-04-02,11.508611022333644,CI009
2025-04-02,31.64398440621411,CI010
2025-04-02,45.09844500503434,CI011
2025-04-02,30.40637402791458,CI012
2025-04-02,27.392289135605672,CI013
2025-04-02,29.59613144631178,CI014
2025-04-02,25.31418124465122,CI015
2025-04-02,32.061593468177776,CI016
2025-04-02,78.95174975533229,CI017
2025-04-02,34.1350319859654,CI018
2025-04-02,34.27607412910446,CI019
2025-04-02,33.25628310090555,CI020
2025-04-02,-5.80272734754787,CI021
2025-04-02,42.13584330206448,CI022
2025-04-09,12.68019616316769,CI001
2025-04-09,27.955290858128087,CI002
2025-04-09,46.34739085438757,CI003
2025-04-09,40.121661444444506,CI004
2025-04-09,2.997441057555114,CI005
2025-04-09,28.9359461029316,CI006
2025-04-09,20.400391851069863,CI007
2025-04-09,52.72172798217467,CI008
2025-04-09,11.508611022333644,CI009
2025-04-09,31.64398440621411,CI010
2025-04-09,45.09844500503434,CI011
2025-04-09,30.40637402791458,CI012
2025-04-09,27.392289135605672,CI013
2025-04-09,29.59613144631178,CI014
2025-04-09,25.31418124465122,CI015
2025-04-09,32.061593468177776,CI016
2025-04-09,78.95174975533229,CI017
2025-04-09,34.1350319859654,CI018
2025-04-09,34.27607412910446,CI019
2025-04-09,33.25628310090555,CI020
2025-04-09,-5.80272734754787,CI021
2025-04-09,42.13584330206448,CI022
2025-04-16,12.68019616316769,CI001
2025-04-16,27.955290858128087,CI002
2025-04-16,46.34739085438757,CI003
2025-04-16,40.121661444444506,CI004
2025-04-16,2.997441057555114,CI005
2025-04-16,28.9359461029316,CI006
2025-04-16,20.400391851069863,CI007
2025-04-16,52.72172798217467,CI008
2025-04-16,11.508611022333644,CI009
2025-04-16,31.64398440621411,CI010
2025-04-16,45.09844500503434,CI011
2025-04-16,30.40637402791458,CI012
2025-04-16,27.392289135605672,CI013
2025-04-16,29.59613144631178,CI014
2025-04-16,25.31418124465122,CI015
2025-04-16,32.061593468177776,CI016
2025-04-16,78.95174975533229,CI017
2025-04-16,34.1350319859654,CI018
2025-04-16,34.27607412910446,CI019
2025-04-16,33.25628310090555,CI020
2025-04-16,-5.80272734754787,CI021
2025-04-16,42.13584330206448,CI022
2025-04-23,12.68019616316769,CI001
2025-04-23,27.955290858128087,CI002
2025-04-23,46.34739085438757,CI003
2025-04-23,40.121661444444506,CI004
2025-04-23,2.997441057555114,CI005
2025-04-23,28.9359461029316,CI006
2025-04-23,20.400391851069863,CI007
2025-04-23,52.72172798217467,CI008
2025-04-23,11.508611022333644,CI009
2025-04-23,31.64398440621411,CI010
2025-04-23,45.09844500503434,CI011
2025-04-23,30.40637402791458,CI012
2025-04-23,27.392289135605672,CI013
2025-04-23,29.59613144631178,CI014
2025-04-23,25.31418124465122,CI015
2025-04-23,32.061593468177776,CI016
2025-04-23,78.95174975533229,CI017
2025-04-23,34.1350319859654,CI018
2025-04-23,34.27607412910446,CI019
2025-04-23,33.25628310090555,CI020
2025-04-23,-5.80272734754787,CI021
2025-04-23,42.13584330206448,CI022
2025-04-30,12.68019616316769,CI001
2025-04-30,27.955290858128087,CI002
2025-04-30,46.34739085438757,CI003
2025-04-30,40.121661444444506,CI004
2025-04-30,2.997441057555114,CI005
2025-04-30,28.9359461029316,CI006
2025-04-30,20.400391851069863,CI007
2025-04-30,52.72172798217467,CI008
2025-04-30,11.508611022333644,CI009
2025-04-30,31.64398440621411,CI010
2025-04-30,45.09844500503434,CI011
2025-04-30,30.40637402791458,CI012
2025-04-30,27.392289135605672,CI013
2025-04-30,29.59613144631178,CI014
2025-04-30,25.31418124465122,CI015
2025-04-30,32.061593468177776,CI016
2025-04-30,78.95174975533229,CI017
2025-04-30,34.1350319859654,CI018
2025-04-30,34.27607412910446,CI019
2025-04-30,33.25628310090555,CI020
2025-04-30,-5.80272734754787,CI021
2025-04-30,42.13584330206448,CI022
2025-05-07,22.925589985708342,CI001
2025-05-07,21.665434227666882,CI002
2025-05-07,75.19831560655012,CI003
2025-05-07,24.9853982086412,CI004
2025-05-07,15.975008249279101,CI005
2025-05-07,76.75324825835578,CI006
2025-05-07,38.08024066485293,CI007
2025-05-07,78.47337433058584,CI008
2025-05-07,28.75589800898947,CI009
2025-05-07,40.04530215535499,CI010
2025-05-07,31.751279312617953,CI011
2025-05-07,42.79800852791419,CI012
2025-05-07,43.70399183423719,CI013
2025-05-07,92.93409957238362,CI014
2025-05-07,24.760515192059305,CI015
2025-05-07,5.9827447174450334,CI016
2025-05-07,50.79801344604644,CI017
2025-05-07,51.73642736691387,CI018
2025-05-07,32.38913708416916,CI019
2025-05-07,49.46970227410019,CI020
2025-05-07,60.09816162187425,CI021
2025-05-07,32.95605275050134,CI022
2025-05-14,22.925589985708342,CI001
2025-05-14,21.665434227666882,CI002
2025-05-14,75.19831560655012,CI003
2025-05-14,24.9853982086412,CI004
2025-05-14,15.975008249279101,CI005
2025-05-14,76.75324825835578,CI006
2025-05-14,38.08024066485293,CI007
2025-05-14,78.47337433058584,CI008
2025-05-14,28.75589800898947,CI009
2025-05-14,40.04530215535499,CI010
2025-05-14,31.751279312617953,CI011
2025-05-14,42.79800852791419,CI012
2025-05-14,43.70399183423719,CI013
2025-05-14,92.93409957238362,CI014
2025-05-14,24.760515192059305,CI015
2025-05-14,5.9827447174450334,CI016
2025-05-14,50.79801344604644,CI017
2025-05-14,51.73642736691387,CI018
2025-05-14,32.38913708416916,CI019
2025-05-14,49.46970227410019,CI020
2025-05-14,60.09816162187425,CI021
2025-05-14,32.95605275050134,CI022
2025-05-21,22.925589985708342,CI001
2025-05-21,21.665434227666882,CI002
2025-05-21,75.19831560655012,CI003
2025-05-21,24.9853982086412,CI004
2025-05-21,15.975008249279101,CI005
2025-05-21,76.75324825835578,CI006
2025-05-21,38.08024066485293,CI007
2025-05-21,78.47337433058584,CI008
2025-05-21,28.75589800898947,CI009
2025-05-21,40.04530215535499,CI010
2025-05-21,31.751279312617953,CI011
2025-05-21,42.79800852791419,CI012
2025-05-21,43.70399183423719,CI013
2025-05-21,92.93409957238362,CI014
2025-05-21,24.760515192059305,CI015
2025-05-21,5.9827447174450334,CI016
2025-05-21,50.79801344604644,CI017
2025-05-21,51.73642736691387,CI018
2025-05-21,32.38913708416916,CI019
2025-05-21,49.46970227410019,CI020
2025-05-21,60.09816162187425,CI021
2025-05-21,32.95605275050134,CI022
2025-05-28,22.925589985708342,CI001
2025-05-28,21.665434227666882,CI002
2025-05-28,75.19831560655012,CI003
2025-05-28,24.9853982086412,CI004
2025-05-28,15.975008249279101,CI005
2025-05-28,76.75324825835578,CI006
2025-05-28,38.08024066485293,CI007
2025-05-28,78.47337433058584,CI008
2025-05-28,28.75589800898947,CI009
2025-05-28,40.04530215535499,CI010
2025-05-28,31.751279312617953,CI011
2025-05-28,42.79800852791419,CI012
2025-05-28,43.70399183423719,CI013
2025-05-28,92.93409957238362,CI014
2025-05-28,24.760515192059305,CI015
2025-05-28,5.9827447174450334,CI016
2025-05-28,50.79801344604644,CI017
2025-05-28,51.73642736691387,CI018
2025-05-28,32.38913708416916,CI019
2025-05-28,49.46970227410019,CI020
2025-05-28,60.09816162187425,CI021
2025-05-28,32.95605275050134,CI022
2025-06-04,39.612183821548,CI001
2025-06-04,18.017972607728286,CI002
2025-06-04,53.219608545810075,CI003
2025-06-04,7.8118584113869485,CI004
2025-06-04,38.63696790351883,CI005
2025-06-04,78.15670212116856,CI006
2025-06-04,47.00808212214117,CI007
2025-06-04,31.044813132034818,CI008
2025-06-04,36.35132286874102,CI009
2025-06-04,22.56907703194394,CI010
2025-06-04,29.696904884997927,CI011
2025-06-04,7.738702668973138,CI012
2025-06-04,102.84603206051473,CI013
2025-06-04,68.66222469582999,CI014
2025-06-04,44.1587014248573,CI015
2025-06-04,44.637616366065515,CI016
2025-06-04,47.130767557143564,CI017
2025-06-04,38.74335494584028,CI018
2025-06-04,38.81523246142639,CI019
2025-06-04,45.146339471206986,CI020
2025-06-04,1.2057194529942024,CI021
2025-06-04,19.366503433410507,CI022
2025-06-11,39.612183821548,CI001
2025-06-11,18.017972607728286,CI002
2025-06-11,53.219608545810075,CI003
2025-06-11,7.8118584113869485,CI004
2025-06-11,38.63696790351883,CI005
2025-06-11,78.15670212116856,CI006
2025-06-11,47.00808212214117,CI007
2025-06-11,31.044813132034818,CI008
2025-06-11,36.35132286874102,CI009
2025-06-11,22.56907703194394,CI010
2025-06-11,29.696904884997927,CI011
2025-06-11,7.738702668973138,CI012
2025-06-11,102.84603206051473,CI013
2025-06-11,68.66222469582999,CI014
2025-06-11,44.1587014248573,CI015
2025-06-11,44.637616366065515,CI016
2025-06-11,47.130767557143564,CI017
2025-06-11,38.74335494584028,CI018
2025-06-11,38.81523246142639,CI019
2025-06-11,45.146339471206986,CI020
2025-06-11,1.2057194529942024,CI021
2025-06-11,19.366503433410507,CI022
2025-06-18,39.612183821548,CI001
2025-06-18,18.017972607728286,CI002
2025-06-18,53.219608545810075,CI003
2025-06-18,7.8118584113869485,CI004
2025-06-18,38.63696790351883,CI005
2025-06-18,78.15670212116856,CI006
2025-06-18,47.00808212214117,CI007
2025-06-18,31.044813132034818,CI008
2025-06-18,36.35132286874102,CI009
2025-06-18,22.56907703194394,CI010
2025-06-18,29.696904884997927,CI011
2025-06-18,7.738702668973138,CI012
2025-06-18,102.84603206051473,CI013
2025-06-18,68.66222469582999,CI014
2025-06-18,44.1587014248573,CI015
2025-06-18,44.637616366065515,CI016
2025-06-18,47.130767557143564,CI017
2025-06-18,38.74335494584028,CI018
2025-06-18,38.81523246142639,CI019
2025-06-18,45.146339471206986,CI020
2025-06-18,1.2057194529942024,CI021
2025-06-18,19.366503433410507,CI022
2025-06-25,39.612183821548,CI001
2025-06-25,18.017972607728286,CI002
2025-06-25,53.219608545810075,CI003
2025-06-25,7.8118584113869485,CI004
2025-06-25,38.63696790351883,CI005
2025-06-25,78.15670212116856,CI006
2025-06-25,47.00808212214117,CI007
2025-06-25,31.044813132034818,CI008
2025-06-25,36.35132286874102,CI009
2025-06-25,22.56907703194394,CI010
2025-06-25,29.696904884997927,CI011
2025-06-25,7.738702668973138,CI012
2025-06-25,102.84603206051473,CI013
2025-06-25,68.66222469582999,CI014
2025-06-25,44.1587014248573,CI015
2025-06-25,44.637616366065515,CI016
2025-06-25,47.130767557143564,CI017
2025-06-25,38.74335494584028,CI018
2025-06-25,38.81523246142639,CI019
2025-06-25,45.146339471206986,CI020
2025-06-25,1.2057194529942024,CI021
2025-06-25,19.366503433410507,CI022
2025-07-02,23.124700417048548,CI001
2025-07-02,32.645243410777695,CI002
2025-07-02,70.49511052814242,CI003
2025-07-02,-2.7840941797997285,CI004
2025-07-02,25.256088284076384,CI005
2025-07-02,29.185242320275897,CI006
2025-07-02,28.223988825569176,CI007
2025-07-02,57.374655492407854,CI008
2025-07-02,29.882245395653634,CI009
2025-07-02,30.094091842016525,CI010
2025-07-02,36.60689475608124,CI011
2025-07-02,22.002310866823063,CI012
2025-07-02,16.381704498501488,CI013
2025-07-02,16.931431035735912,CI014
2025-07-02,8.209795025753062,CI015
2025-07-02,20.4600714210602,CI016
2025-07-02,60.16264313084694,CI017
2025-07-02,49.106499327082346,CI018
2025-07-02,27.34836922315809,CI019
2025-07-02,19.624013466581722,CI020
2025-07-02,10.973788578975494,CI021
2025-07-02,16.200234776706488,CI022
2025-07-09,23.124700417048548,CI001
2025-07-09,32.645243410777695,CI002
2025-07-09,70.49511052814242,CI003
2025-07-09,-2.7840941797997285,CI004
2025-07-09,25.256088284076384,CI005
2025-07-09,29.185242320275897,CI006
2025-07-09,28.223988825569176,CI007
2025-07-09,57.374655492407854,CI008
2025-07-09,29.882245395653634,CI009
2025-07-09,30.094091842016525,CI010
2025-07-09,36.60689475608124,CI011
2025-07-09,22.002310866823063,CI012
2025-07-09,16.381704498501488,CI013
2025-07-09,16.931431035735912,CI014
2025-07-09,8.209795025753062,CI015
2025-07-09,20.4600714210602,CI016
2025-07-09,60.16264313084694,CI017
2025-07-09,49.106499327082346,CI018
2025-07-09,27.34836922315809,CI019
2025-07-09,19.624013466581722,CI020
2025-07-09,10.973788578975494,CI021
2025-07-09,16.200234776706488,CI022
2025-07-16,23.124700417048548,CI001
2025-07-16,32.645243410777695,CI002
2025-07-16,70.49511052814242,CI003
2025-07-16,-2.7840941797997285,CI004
2025-07-16,25.256088284076384,CI005
2025-07-16,29.185242320275897,CI006
2025-07-16,28.223988825569176,CI007
2025-07-16,57.374655492407854,CI008
2025-07-16,29.882245395653634,CI009
2025-07-16,30.094091842016525,CI010
2025-07-16,36.60689475608124,CI011
2025-07-16,22.002310866823063,CI012
2025-07-16,16.381704498501488,CI013
2025-07-16,16.931431035735912,CI014
2025-07-16,8.209795025753062,CI015
2025-07-16,20.4600714210602,CI016
2025-07-16,60.16264313084694,CI017
2025-07-16,49.106499327082346,CI018
2025-07-16,27.34836922315809,CI019
2025-07-16,19.624013466581722,CI020
2025-07-16,10.973788578975494,CI021
2025-07-16,16.200234776706488,CI022
2025-07-23,23.124700417048548,CI001
2025-07-23,32.645243410777695,CI002
2025-07-23,70.49511052814242,CI003
2025-07-23,-2.7840941797997285,CI004
2025-07-23,25.256088284076384,CI005
2025-07-23,29.185242320275897,CI006
2025-07-23,28.223988825569176,CI007
2025-07-23,57.374655492407854,CI008
2025-07-23,29.882245395653634,CI009
2025-07-23,30.094091842016525,CI010
2025-07-23,36.60689475608124,CI011
2025-07-23,22.002310866823063,CI012
2025-07-23,16.381704498501488,CI013
2025-07-23,16.931431035735912,CI014
2025-07-23,8.209795025753062,CI015
2025-07-23,20.4600714210602,CI016
2025-07-23,60.16264313084694,CI017
2025-07-23,49.106499327082346,CI018
2025-07-23,27.34836922315809,CI019
2025-07-23,19.624013466581722,CI020
2025-07-23,10.973788578975494,CI021
2025-07-23,16.200234776706488,CI022
2025-07-30,23.124700417048548,CI001
2025-07-30,32.645243410777695,CI002
2025-07-30,70.49511052814242,CI003
2025-07-30,-2.7840941797997285,CI004
2025-07-30,25.256088284076384,CI005
2025-07-30,29.185242320275897,CI006
2025-07-30,28.223988825569176,CI007
2025-07-30,57.374655492407854,CI008
2025-07-30,29.882245395653634,CI009
2025-07-30,30.094091842016525,CI010
2025-07-30,36.60689475608124,CI011
2025-07-30,22.002310866823063,CI012
2025-07-30,16.381704498501488,CI013
2025-07-30,16.931431035735912,CI014
2025-07-30,8.209795025753062,CI015
2025-07-30,20.4600714210602,CI016
2025-07-30,60.16264313084694,CI017
2025-07-30,49.106499327082346,CI018
2025-07-30,27.34836922315809,CI019
2025-07-30,19.624013466581722,CI020
2025-07-30,10.973788578975494,CI021
2025-07-30,16.200234776706488,CI022
2025-08-06,31.278656545968136,CI001
2025-08-06,29.17876600932391,CI002
2025-08-06,47.32813442330289,CI003
2025-08-06,19.448654009971463,CI004
2025-08-06,5.358788133189348,CI005
2025-08-06,27.497583810923484,CI006
2025-08-06,59.40914192459677,CI007
2025-08-06,52.168375659077306,CI008
2025-08-06,28.550130482806196,CI009
2025-08-06,47.6420531524879,CI010
2025-08-06,70.30435578153168,CI011
2025-08-06,26.70015321275033,CI012
2025-08-06,16.53677030551255,CI013
2025-08-06,113.51570424959749,CI014
2025-08-06,32.46008118199254,CI015
2025-08-06,30.211273824734864,CI016
2025-08-06,43.04307851136279,CI017
2025-08-06,37.505094007829996,CI018
2025-08-06,29.801014711610016,CI019
2025-08-06,40.80144210564834,CI020
2025-08-06,-3.3690502903151085,CI021
2025-08-06,47.782957813088764,CI022
2025-08-13,31.278656545968136,CI001
2025-08-13,29.17876600932391,CI002
2025-08-13,47.32813442330289,CI003
2025-08-13,19.448654009971463,CI004
2025-08-13,5.358788133189348,CI005
2025-08-13,27.497583810923484,CI006
2025-08-13,59.40914192459677,CI007
2025-08-13,52.168375659077306,CI008
2025-08-13,28.550130482806196,CI009
2025-08-13,47.6420531524879,CI010
2025-08-13,70.30435578153168,CI011
2025-08-13,26.70015321275033,CI012
2025-08-13,16.53677030551255,CI013
2025-08-13,113.51570424959749,CI014
2025-08-13,32.46008118199254,CI015
2025-08-13,30.211273824734864,CI016
2025-08-13,43.04307851136279,CI017
2025-08-13,37.505094007829996,CI018
2025-08-13,29.801014711610016,CI019
2025-08-13,40.80144210564834,CI020
2025-08-13,-3.3690502903151085,CI021
2025-08-13,47.782957813088764,CI022
2025-08-20,31.278656545968136,CI001
2025-08-20,29.17876600932391,CI002
2025-08-20,47.32813442330289,CI003
2025-08-20,19.448654009971463,CI004
2025-08-20,5.358788133189348,CI005
2025-08-20,27.497583810923484,CI006
2025-08-20,59.40914192459677,CI007
2025-08-20,52.168375659077306,CI008
2025-08-20,28.550130482806196,CI009
2025-08-20,47.6420531524879,CI010
2025-08-20,70.30435578153168,CI011
2025-08-20,26.70015321275033,CI012
2025-08-20,16.53677030551255,CI013
2025-08-20,113.51570424959749,CI014
2025-08-20,32.46008118199254,CI015
2025-08-20,30.211273824734864,CI016
2025-08-20,43.04307851136279,CI017
2025-08-20,37.505094007829996,CI018
2025-08-20,29.801014711610016,CI019
2025-08-20,40.80144210564834,CI020
2025-08-20,-3.3690502903151085,CI021
2025-08-20,47.782957813088764,CI022
2025-08-27,31.278656545968136,CI001
2025-08-27,29.17876600932391,CI002
2025-08-27,47.32813442330289,CI003
2025-08-27,19.448654009971463,CI004
2025-08-27,5.358788133189348,CI005
2025-08-27,27.497583810923484,CI006
2025-08-27,59.40914192459677,CI007
2025-08-27,52.168375659077306,CI008
2025-08-27,28.550130482806196,CI009
2025-08-27,47.6420531524879,CI010
2025-08-27,70.30435578153168,CI011
2025-08-27,26.70015321275033,CI012
2025-08-27,16.53677030551255,CI013
2025-08-27,113.51570424959749,CI014
2025-08-27,32.46008118199254,CI015
2025-08-27,30.211273824734864,CI016
2025-08-27,43.04307851136279,CI017
2025-08-27,37.505094007829996,CI018
2025-08-27,29.801014711610016,CI019
2025-08-27,40.80144210564834,CI020
2025-08-27,-3.3690502903151085,CI021
2025-08-27,47.782957813088764,CI022
